{"cameraMode":{"drawMode":0,"name":"Shaded","section":"Shading Mode"},"sceneLighting":false,"audioPlay":false,"sceneViewState":{"m_AlwaysRefresh":false,"showFog":false,"showSkybox":false,"showFlares":false,"showImageEffects":false,"showParticleSystems":false,"showVisualEffectGraphs":true,"m_FxEnabled":true},"in2DMode":false,"pivot":{"x":-0.10222768783569336,"y":1.8036952018737794,"z":-0.11898699402809143},"rotation":{"x":0.09317422658205033,"y":0.008640224114060402,"z":-0.0008254712447524071,"w":0.9956480860710144},"size":2.5821115970611574,"orthographic":false}